Page,Section,Translation Key,English Text,Korean,Status,Priority,File Path,Line Number
About,Hero,about.hero.title,"1001 Stories,","1001 ìŠ¤í† ë¦¬,"TODO,HIGH,/app/about/page.tsx,36
About,Hero,about.hero.subtitle,Empowering Communities through Storytelling,ìŠ¤í† ë¦¬í…”ë§ì„ í†µí•œ ì»¤ë®¤ë‹ˆí‹° ì—­ëŸ‰ ê°•í™”,TODO,HIGH,/app/about/page.tsx,46
About,Hero,about.hero.description,A global citizenship platform for young learners, brining stories from under-resourced communities to the world,ì „ ì„¸ê³„ ìì›ì´ ë¶€ì¡±í•œ ì»¤ë®¤ë‹ˆí‹°ì˜ ì´ì•¼ê¸°ë¥¼ ì „í•˜ëŠ” ê¸€ë¡œë²Œ ì‹œë¯¼ í”Œë«í¼,TODO,HIGH,/app/about/page.tsx,57
About,Who We Are,about.whoWeAre.title,Who We Are,ìš°ë¦¬ëŠ” ëˆ„êµ¬ì¸ê°€,TODO,HIGH,/app/about/page.tsx,75
About,Who We Are,about.whoWeAre.subtitle,Seeds of Empowerment and the 1001 Stories Project,ì‹œì¦ˆ ì˜¤ë¸Œ ì„íŒŒì›Œë¨¼íŠ¸ì™€ 1001 ìŠ¤í† ë¦¬ í”„ë¡œì íŠ¸,TODO,HIGH,/app/about/page.tsx,85
About,Who We Are,about.whoWeAre.soe.title,Seeds of Empowerment,ì‹œì¦ˆ ì˜¤ë¸Œ ì„íŒŒì›Œë¨¼íŠ¸,TODO,HIGH,/app/about/page.tsx,112
About,Who We Are,about.whoWeAre.soe.description,"SOE is a non-profit organization dedicated to empowering underserved communities through education, storytelling, and technology. By supporting grassroots projects round the world, they help amplify local voices and foster sustainable development.","SOEëŠ” êµìœ¡, ìŠ¤í† ë¦¬í…”ë§, ê¸°ìˆ ì„ í†µí•´ ì†Œì™¸ëœ ì»¤ë®¤ë‹ˆí‹°ì— í˜ì„ ì‹¤ì–´ì£¼ëŠ” ë¹„ì˜ë¦¬ ë‹¨ì²´ì…ë‹ˆë‹¤.",TODO,HIGH,/app/about/page.tsx,123
About,Who We Are,about.whoWeAre.project.title,1001 Stories Project,1001 ìŠ¤í† ë¦¬ í”„ë¡œì íŠ¸,TODO,HIGH,/app/about/page.tsx,137
About,Who We Are,about.whoWeAre.project.description,"Our mobile storytelling program, 1001 Stories, brings meaningful learning to some of the hardest to reach populations around the world. We aim to facilitate the creation, development, and gathering of 1001 empowering stories from every participating local community.",ì „ ì„¸ê³„ì—ì„œ ê°€ì¥ ë„ë‹¬í•˜ê¸° ì–´ë ¤ìš´ ì¸êµ¬ì—ê²Œ ì˜ë¯¸ ìˆëŠ” í•™ìŠµì„ ì œê³µí•©ë‹ˆë‹¤.,TODO,HIGH,/app/about/page.tsx,148
About,Benefits,about.benefits.title,Benefits,í˜œíƒ,TODO,HIGH,/app/about/page.tsx,168
About,Benefits,about.benefits.subtitle,Why Join 1001 Stories?,ì™œ 1001 ìŠ¤í† ë¦¬ì— ì°¸ì—¬í•´ì•¼ í•˜ë‚˜ìš”?,TODO,HIGH,/app/about/page.tsx,178
About,Benefits,about.benefits.benefit1.title,Promote Global Citizenship and Literacy,ê¸€ë¡œë²Œ ì‹œë¯¼ì˜ì‹ê³¼ ë¬¸í•´ë ¥ í–¥ìƒ,TODO,HIGH,/app/about/page.tsx,204
About,Benefits,about.benefits.benefit1.description,"Through storytelling and cultural exchange, 1001 Stories fosters global citizenship education, helping children around the world develop reading and writing skills.",ìŠ¤í† ë¦¬í…”ë§ê³¼ ë¬¸í™” êµë¥˜ë¥¼ í†µí•´ ê¸€ë¡œë²Œ ì‹œë¯¼ êµìœ¡ì„ ì´‰ì§„í•©ë‹ˆë‹¤.,TODO,HIGH,/app/about/page.tsx,215
About,Benefits,about.benefits.benefit2.title,Empower Young Learners Everywhere,ëª¨ë“  ì²­ì†Œë…„ í•™ìŠµìì—ê²Œ í˜ì„ ì‹¤ì–´ì£¼ê¸°,TODO,HIGH,/app/about/page.tsx,241
About,Benefits,about.benefits.benefit2.description,"We raise awareness about diverse experiences and support children's dreams by offering scholarships and creating accessible educational opportunities.",ë‹¤ì–‘í•œ ê²½í—˜ì— ëŒ€í•œ ì¸ì‹ì„ ë†’ì´ê³  ì¥í•™ê¸ˆì„ ì œê³µí•©ë‹ˆë‹¤.,TODO,HIGH,/app/about/page.tsx,252
About,Benefits,about.benefits.benefit3.title,Integrate AI and Personalized Learning,AIì™€ ê°œì¸í™”ëœ í•™ìŠµ í†µí•©,TODO,HIGH,/app/about/page.tsx,278
About,Benefits,about.benefits.benefit3.description,"By combining storybooks with AI-powered tools, 1001 Stories offers personalized learning experiences tailored to each student's journey.",AI ê¸°ë°˜ ë„êµ¬ì™€ ìŠ¤í† ë¦¬ë¶ì„ ê²°í•©í•˜ì—¬ ê°œì¸í™”ëœ í•™ìŠµ ê²½í—˜ì„ ì œê³µí•©ë‹ˆë‹¤.,TODO,HIGH,/app/about/page.tsx,289
About,Features,about.features.title,Our Features,ìš°ë¦¬ì˜ ê¸°ëŠ¥,TODO,HIGH,/app/about/page.tsx,309
About,Features,about.features.subtitle,More exciting features are on the way. Stay tuned!,ë” í¥ë¯¸ë¡œìš´ ê¸°ëŠ¥ì´ ê³§ ì¶œì‹œë©ë‹ˆë‹¤. ê¸°ëŒ€í•´ ì£¼ì„¸ìš”!,TODO,HIGH,/app/about/page.tsx,319
About,Features,about.features.library.title,ğŸ“– Browse the 1001 Stories Library,ğŸ“– 1001 ìŠ¤í† ë¦¬ ë¼ì´ë¸ŒëŸ¬ë¦¬ íƒìƒ‰,TODO,MEDIUM,/app/about/page.tsx,344
About,Features,about.features.library.description,"Discover stories written by young authors around the world. Explore different cultures, perspectives, and dreams through storytelling.",ì „ ì„¸ê³„ ì Šì€ ì‘ê°€ë“¤ì´ ì“´ ì´ì•¼ê¸°ë¥¼ ë°œê²¬í•˜ì„¸ìš”.,TODO,MEDIUM,/app/about/page.tsx,355
About,Features,about.features.library.cta,Learn More,ë” ì•Œì•„ë³´ê¸°,TODO,MEDIUM,/app/about/page.tsx,367
About,Features,about.features.write.title,ğŸ“ Write Your Story,ğŸ“ ë‹¹ì‹ ì˜ ì´ì•¼ê¸°ë¥¼ ì¨ë³´ì„¸ìš”,TODO,MEDIUM,/app/about/page.tsx,391
About,Features,about.features.write.description,"Share your voice with the world! Write and submit your own story, inspire others, and become part of our global library.",ë‹¹ì‹ ì˜ ëª©ì†Œë¦¬ë¥¼ ì„¸ìƒê³¼ ê³µìœ í•˜ì„¸ìš”!,TODO,MEDIUM,/app/about/page.tsx,402
About,Features,about.features.write.cta,Learn More,ë” ì•Œì•„ë³´ê¸°,TODO,MEDIUM,/app/about/page.tsx,414
About,Features,about.features.bookclub.title,ğŸ“š Join a Book Club (Coming Soon),ğŸ“š ë¶í´ëŸ½ ì°¸ì—¬í•˜ê¸° (ê³§ ì¶œì‹œ),TODO,MEDIUM,/app/about/page.tsx,438
About,Features,about.features.bookclub.description,"Find and join book clubs that match your interests. Read together, discuss ideas, and connect with young storytellers across the globe.",ê´€ì‹¬ì‚¬ì— ë§ëŠ” ë¶í´ëŸ½ì„ ì°¾ì•„ ì°¸ì—¬í•˜ì„¸ìš”.,TODO,MEDIUM,/app/about/page.tsx,449
About,Features,about.features.bookclub.cta,Learn More,ë” ì•Œì•„ë³´ê¸°,TODO,MEDIUM,/app/about/page.tsx,461
About,Features,about.features.goals.title,ğŸ¯ Set and Track Your Goals (Coming Soon),ğŸ¯ ëª©í‘œ ì„¤ì • ë° ì¶”ì  (ê³§ ì¶œì‹œ),TODO,MEDIUM,/app/about/page.tsx,485
About,Features,about.features.goals.description,"Start with a quick assessment to personalize your journey. Set learning goals based on your interests and track your progress as you grow.",ë¹ ë¥¸ í‰ê°€ë¡œ ì—¬ì •ì„ ê°œì¸í™”í•˜ì„¸ìš”.,TODO,MEDIUM,/app/about/page.tsx,496
About,Features,about.features.goals.cta,Learn More,ë” ì•Œì•„ë³´ê¸°,TODO,MEDIUM,/app/about/page.tsx,508
About,Testimonials,about.testimonials.title,Our Testimonials,ì¶”ì²œì‚¬,TODO,HIGH,/app/about/page.tsx,526
About,Testimonials,about.testimonials.sofia.quote,"Before 1001 Stories, I was too shy to share my writing. Now, my story is published for everyone to read! I feel like my voice matters, and I want to write even more",1001 ìŠ¤í† ë¦¬ ì´ì „ì—ëŠ” ê¸€ì“°ê¸°ë¥¼ ê³µìœ í•˜ê¸°ì— ë„ˆë¬´ ìˆ˜ì¤ì—ˆìŠµë‹ˆë‹¤.,TODO,MEDIUM,/app/about/page.tsx,542
About,Testimonials,about.testimonials.sofia.name,"Sofia, Student (10)","ì†Œí”¼ì•„, í•™ìƒ (10ì„¸)",TODO,MEDIUM,/app/about/page.tsx,563
About,Testimonials,about.testimonials.ayaan.quote,"I love reading stories from kids in other countries. It feels like I'm making new friends from around the world. 1001 Stories makes learning so much fun!",ë‹¤ë¥¸ ë‚˜ë¼ ì•„ì´ë“¤ì˜ ì´ì•¼ê¸°ë¥¼ ì½ëŠ” ê²ƒì„ ì¢‹ì•„í•©ë‹ˆë‹¤.,TODO,MEDIUM,/app/about/page.tsx,580
About,Testimonials,about.testimonials.ayaan.name,"Ayaan, Student (11)","ì•„ì–€, í•™ìƒ (11ì„¸)",TODO,MEDIUM,/app/about/page.tsx,601
About,Testimonials,about.testimonials.emilyMom.quote,"1001 Stories gave my daughter the confidence to express herself creatively. Watching her set goals, complete her first story, and proudly share it was an unforgettable moment for our family",1001 ìŠ¤í† ë¦¬ëŠ” ì œ ë”¸ì—ê²Œ ì°½ì˜ì ìœ¼ë¡œ ìì‹ ì„ í‘œí˜„í•  ìì‹ ê°ì„ ì£¼ì—ˆìŠµë‹ˆë‹¤.,TODO,MEDIUM,/app/about/page.tsx,618
About,Testimonials,about.testimonials.emilyMom.name,Emily's Mom,ì—ë°€ë¦¬ì˜ ì—„ë§ˆ,TODO,MEDIUM,/app/about/page.tsx,639
About,Testimonials,about.testimonials.davidDad.quote,"As a parent, I wanted something educational but also inspiring. 1001 Stories struck the perfect balanceâ€”helping my son develop literacy skills while encouraging him to think globally and dream big.",ë¶€ëª¨ë¡œì„œ êµìœ¡ì ì´ë©´ì„œë„ ì˜ê°ì„ ì£¼ëŠ” ê²ƒì„ ì›í–ˆìŠµë‹ˆë‹¤.,TODO,MEDIUM,/app/about/page.tsx,656
About,Testimonials,about.testimonials.davidDad.name,David's Dad,ë°ì´ë¹„ë“œì˜ ì•„ë¹ ,TODO,MEDIUM,/app/about/page.tsx,677
About,Footer,about.footer.tagline,Empowering young voices and inspiring the world through stories.,ì´ì•¼ê¸°ë¥¼ í†µí•´ ì Šì€ ëª©ì†Œë¦¬ì— í˜ì„ ì‹¤ì–´ì£¼ê³  ì„¸ìƒì— ì˜ê°ì„ ì¤ë‹ˆë‹¤.,TODO,HIGH,/app/about/page.tsx,708
About,Footer,about.footer.contact,Contact,ì—°ë½ì²˜,TODO,HIGH,/app/about/page.tsx,732
About,Footer,about.footer.contactForm,Contact Form,ë¬¸ì˜ ì–‘ì‹,TODO,HIGH,/app/about/page.tsx,747
About,Footer,about.footer.copyright,Â©2024 1001 Stories. All rights reserved,Â©2024 1001 ìŠ¤í† ë¦¬. ëª¨ë“  ê¶Œë¦¬ ë³´ìœ .,TODO,HIGH,/app/about/page.tsx,762
About,Footer,about.footer.privacyPolicy,Privacy Policy,ê°œì¸ì •ë³´ ì²˜ë¦¬ë°©ì¹¨,TODO,HIGH,/app/about/page.tsx,770
About,Footer,about.footer.termsOfService,Terms of Service,ì´ìš©ì•½ê´€,TODO,HIGH,/app/about/page.tsx,777
Contact,Header,contact.title,Contact Us,ë¬¸ì˜í•˜ê¸°,TODO,HIGH,/app/contact/page.tsx,17
Contact,Header,contact.description,"Have questions about our platform? We'd love to hear from you. Reach out to learn more about joining our global storytelling community.",í”Œë«í¼ì— ëŒ€í•œ ì§ˆë¬¸ì´ ìˆìœ¼ì‹ ê°€ìš”? ì—°ë½ ì£¼ì„¸ìš”.,TODO,HIGH,/app/contact/page.tsx,19
Contact,Contact Info,contact.getInTouch,Get in Touch,ì—°ë½í•˜ê¸°,TODO,HIGH,/app/contact/page.tsx,31
Contact,Contact Info,contact.email.title,Email Us,ì´ë©”ì¼ ë³´ë‚´ê¸°,TODO,MEDIUM,/app/contact/page.tsx,39
Contact,Contact Info,contact.email.description,General inquiries and support,ì¼ë°˜ ë¬¸ì˜ ë° ì§€ì›,TODO,MEDIUM,/app/contact/page.tsx,40
Contact,Contact Info,contact.phone.title,Call Us,ì „í™” ë¬¸ì˜,TODO,MEDIUM,/app/contact/page.tsx,52
Contact,Contact Info,contact.phone.description,Available during business hours,ì—…ë¬´ ì‹œê°„ ì¤‘ ê°€ëŠ¥,TODO,MEDIUM,/app/contact/page.tsx,53
Contact,Contact Info,contact.phone.number,+1 (555) 1001-STORY,+1 (555) 1001-STORY,TODO,MEDIUM,/app/contact/page.tsx,55
Contact,Contact Info,contact.address.title,Visit Us,ë°©ë¬¸í•˜ê¸°,TODO,MEDIUM,/app/contact/page.tsx,65
Contact,Contact Info,contact.address.name,Seeds of Empowerment,ì‹œì¦ˆ ì˜¤ë¸Œ ì„íŒŒì›Œë¨¼íŠ¸,TODO,MEDIUM,/app/contact/page.tsx,67
Contact,Contact Info,contact.address.organization,Global Education Initiative,ê¸€ë¡œë²Œ êµìœ¡ ì´ë‹ˆì…”í‹°ë¸Œ,TODO,MEDIUM,/app/contact/page.tsx,68
Contact,Contact Info,contact.address.location,"San Francisco, CA 94102","ìƒŒí”„ë€ì‹œìŠ¤ì½”, CA 94102",TODO,MEDIUM,/app/contact/page.tsx,69
Contact,Contact Info,contact.hours.title,Office Hours,ì—…ë¬´ ì‹œê°„,TODO,MEDIUM,/app/contact/page.tsx,79
Contact,Contact Info,contact.hours.weekday,Monday - Friday: 9:00 AM - 6:00 PM PST,ì›”ìš”ì¼ - ê¸ˆìš”ì¼: ì˜¤ì „ 9ì‹œ - ì˜¤í›„ 6ì‹œ (PST),TODO,MEDIUM,/app/contact/page.tsx,81
Contact,Contact Info,contact.hours.weekend,Weekend: By appointment only,ì£¼ë§: ì˜ˆì•½ì œë¡œë§Œ ê°€ëŠ¥,TODO,MEDIUM,/app/contact/page.tsx,82
Contact,Quick Actions,contact.actions.title,Quick Actions,ë¹ ë¥¸ ì•¡ì…˜,TODO,MEDIUM,/app/contact/page.tsx,91
Contact,Quick Actions,contact.actions.joinEducator,Join as an Educator,êµìœ¡ìë¡œ ì°¸ì—¬í•˜ê¸°,TODO,MEDIUM,/app/contact/page.tsx,97
Contact,Quick Actions,contact.actions.becomeWriter,Become a Writer,ì‘ê°€ ë˜ê¸°,TODO,MEDIUM,/app/contact/page.tsx,103
Contact,Quick Actions,contact.actions.exploreStories,Explore Stories,ì´ì•¼ê¸° íƒìƒ‰,TODO,MEDIUM,/app/contact/page.tsx,109
Contact,Form,contact.form.title,Send us a Message,ë©”ì‹œì§€ ë³´ë‚´ê¸°,TODO,HIGH,/app/contact/page.tsx,117
Contact,Form,contact.form.firstName,First Name,ì´ë¦„,TODO,MEDIUM,/app/contact/page.tsx,123
Contact,Form,contact.form.lastName,Last Name,ì„±,TODO,MEDIUM,/app/contact/page.tsx,135
Contact,Form,contact.form.email,Email Address,ì´ë©”ì¼ ì£¼ì†Œ,TODO,MEDIUM,/app/contact/page.tsx,149
Contact,Form,contact.form.subject,Subject,ì œëª©,TODO,MEDIUM,/app/contact/page.tsx,162
Contact,Form,contact.form.subject.placeholder,Select a topic,ì£¼ì œ ì„ íƒ,TODO,MEDIUM,/app/contact/page.tsx,169
Contact,Form,contact.form.subject.general,General Inquiry,ì¼ë°˜ ë¬¸ì˜,TODO,MEDIUM,/app/contact/page.tsx,170
Contact,Form,contact.form.subject.teacher,Teacher Registration,êµì‚¬ ë“±ë¡,TODO,MEDIUM,/app/contact/page.tsx,171
Contact,Form,contact.form.subject.writer,Writer Opportunity,ì‘ê°€ ê¸°íšŒ,TODO,MEDIUM,/app/contact/page.tsx,172
Contact,Form,contact.form.subject.partnership,Partnership,íŒŒíŠ¸ë„ˆì‹­,TODO,MEDIUM,/app/contact/page.tsx,173
Contact,Form,contact.form.subject.technical,Technical Support,ê¸°ìˆ  ì§€ì›,TODO,MEDIUM,/app/contact/page.tsx,174
Contact,Form,contact.form.subject.other,Other,ê¸°íƒ€,TODO,MEDIUM,/app/contact/page.tsx,175
Contact,Form,contact.form.message,Message,ë©”ì‹œì§€,TODO,MEDIUM,/app/contact/page.tsx,181
Contact,Form,contact.form.message.placeholder,Tell us how we can help you...,ì–´ë–»ê²Œ ë„ì™€ë“œë¦´ ìˆ˜ ìˆì„ê¹Œìš”?,TODO,MEDIUM,/app/contact/page.tsx,188
Contact,Form,contact.form.submit,Send Message,ë©”ì‹œì§€ ë³´ë‚´ê¸°,TODO,HIGH,/app/contact/page.tsx,197
Privacy,Header,privacy.title,Privacy Policy,ê°œì¸ì •ë³´ ì²˜ë¦¬ë°©ì¹¨,TODO,HIGH,/app/privacy/page.tsx,20
Privacy,Header,privacy.description,"Your privacy is important to us. This policy explains how we collect, use, and protect your personal information.",ê·€í•˜ì˜ ê°œì¸ì •ë³´ëŠ” ì¤‘ìš”í•©ë‹ˆë‹¤. ì´ ì •ì±…ì€ ìš°ë¦¬ê°€ ì–´ë–»ê²Œ ê°œì¸ì •ë³´ë¥¼ ìˆ˜ì§‘í•˜ê³  ì‚¬ìš©í•˜ëŠ”ì§€ ì„¤ëª…í•©ë‹ˆë‹¤.,TODO,HIGH,/app/privacy/page.tsx,22
Privacy,Header,privacy.lastUpdated,Last updated: September 25, 2024,ìµœì¢… ì—…ë°ì´íŠ¸: 2024ë…„ 9ì›” 25ì¼,TODO,MEDIUM,/app/privacy/page.tsx,26
Privacy,Overview,privacy.overview.title,Privacy at a Glance,ê°œì¸ì •ë³´ ë³´í˜¸ ê°œìš”,TODO,HIGH,/app/privacy/page.tsx,35
Privacy,Overview,privacy.overview.secure.title,Secure by Design,ì„¤ê³„ë¶€í„° ì•ˆì „í•¨,TODO,MEDIUM,/app/privacy/page.tsx,40
Privacy,Overview,privacy.overview.secure.description,We protect your data with industry-standard encryption.,ì—…ê³„ í‘œì¤€ ì•”í˜¸í™”ë¡œ ë°ì´í„°ë¥¼ ë³´í˜¸í•©ë‹ˆë‹¤.,TODO,MEDIUM,/app/privacy/page.tsx,41
Privacy,Overview,privacy.overview.transparent.title,Transparent,íˆ¬ëª…í•¨,TODO,MEDIUM,/app/privacy/page.tsx,47
Privacy,Overview,privacy.overview.transparent.description,"We're clear about what data we collect and why.",ì–´ë–¤ ë°ì´í„°ë¥¼ ìˆ˜ì§‘í•˜ëŠ”ì§€ ëª…í™•íˆ ì•Œë ¤ë“œë¦½ë‹ˆë‹¤.,TODO,MEDIUM,/app/privacy/page.tsx,48
Privacy,Overview,privacy.overview.control.title,Your Control,ê·€í•˜ì˜ í†µì œ,TODO,MEDIUM,/app/privacy/page.tsx,54
Privacy,Overview,privacy.overview.control.description,"You can access, update, or delete your data anytime.",ì–¸ì œë“ ì§€ ë°ì´í„°ì— ì ‘ê·¼í•˜ê³  ìˆ˜ì •í•˜ê±°ë‚˜ ì‚­ì œí•  ìˆ˜ ìˆìŠµë‹ˆë‹¤.,TODO,MEDIUM,/app/privacy/page.tsx,55
Privacy,Content,privacy.section1.title,1. Information We Collect,1. ìˆ˜ì§‘í•˜ëŠ” ì •ë³´,TODO,HIGH,/app/privacy/page.tsx,64
Privacy,Content,privacy.section2.title,2. How We Use Your Information,2. ì •ë³´ ì‚¬ìš© ë°©ë²•,TODO,HIGH,/app/privacy/page.tsx,91
Privacy,Content,privacy.section3.title,3. Information Sharing,3. ì •ë³´ ê³µìœ ,TODO,HIGH,/app/privacy/page.tsx,106
Privacy,Content,privacy.section3.noSell.title,We Never Sell Your Data,ê·€í•˜ì˜ ë°ì´í„°ë¥¼ íŒë§¤í•˜ì§€ ì•ŠìŠµë‹ˆë‹¤,TODO,HIGH,/app/privacy/page.tsx,112
Privacy,Content,privacy.section3.noSell.description,Your personal information is never sold to third parties. Period.,ê·€í•˜ì˜ ê°œì¸ì •ë³´ëŠ” ì ˆëŒ€ ì œ3ìì—ê²Œ íŒë§¤ë˜ì§€ ì•ŠìŠµë‹ˆë‹¤.,TODO,HIGH,/app/privacy/page.tsx,114
Privacy,Content,privacy.section4.title,4. Children's Privacy (COPPA Compliance),4. ì–´ë¦°ì´ ê°œì¸ì •ë³´ ë³´í˜¸ (COPPA ì¤€ìˆ˜),TODO,HIGH,/app/privacy/page.tsx,131
Privacy,Content,privacy.section5.title,5. Data Security,5. ë°ì´í„° ë³´ì•ˆ,TODO,HIGH,/app/privacy/page.tsx,147
Privacy,Content,privacy.section6.title,6. Your Rights,6. ê·€í•˜ì˜ ê¶Œë¦¬,TODO,HIGH,/app/privacy/page.tsx,177
Privacy,Content,privacy.section7.title,7. Contact Us,7. ë¬¸ì˜í•˜ê¸°,TODO,HIGH,/app/privacy/page.tsx,198
Privacy,Content,privacy.section8.title,8. Changes to This Policy,8. ì •ì±… ë³€ê²½,TODO,HIGH,/app/privacy/page.tsx,216
Privacy,Footer,privacy.footer.contactPrivacyTeam,Contact Privacy Team,ê°œì¸ì •ë³´ íŒ€ì— ë¬¸ì˜í•˜ê¸°,TODO,MEDIUM,/app/privacy/page.tsx,236
Privacy,Footer,privacy.footer.viewTerms,View Terms of Service,ì´ìš©ì•½ê´€ ë³´ê¸°,TODO,MEDIUM,/app/privacy/page.tsx,242
Terms,Header,terms.title,Terms of Service,ì´ìš©ì•½ê´€,TODO,HIGH,/app/terms/page.tsx,20
Terms,Header,terms.description,"These terms govern your use of the 1001 Stories platform. Please read them carefully before using our services.",ë³¸ ì•½ê´€ì€ 1001 ìŠ¤í† ë¦¬ í”Œë«í¼ ì‚¬ìš©ì„ ê·œì •í•©ë‹ˆë‹¤.,TODO,HIGH,/app/terms/page.tsx,22
Terms,Header,terms.lastUpdated,Last updated: September 25, 2024,ìµœì¢… ì—…ë°ì´íŠ¸: 2024ë…„ 9ì›” 25ì¼,TODO,MEDIUM,/app/terms/page.tsx,26
Terms,Summary,terms.summary.title,Agreement Summary,ì•½ê´€ ìš”ì•½,TODO,HIGH,/app/terms/page.tsx,35
Terms,Summary,terms.summary.canDo.title,You Can:,í•  ìˆ˜ ìˆëŠ” ê²ƒ:,TODO,MEDIUM,/app/terms/page.tsx,40
Terms,Summary,terms.summary.canDo.item1,Use the platform for educational purposes,êµìœ¡ ëª©ì ìœ¼ë¡œ í”Œë«í¼ ì‚¬ìš©,TODO,MEDIUM,/app/terms/page.tsx,43
Terms,Summary,terms.summary.canDo.item2,Share appropriate stories and content,ì ì ˆí•œ ì´ì•¼ê¸°ì™€ ì½˜í…ì¸  ê³µìœ ,TODO,MEDIUM,/app/terms/page.tsx,44
Terms,Summary,terms.summary.canDo.item3,Connect with other users respectfully,ë‹¤ë¥¸ ì‚¬ìš©ìì™€ ì¡´ì¤‘í•˜ë©° ì†Œí†µ,TODO,MEDIUM,/app/terms/page.tsx,45
Terms,Summary,terms.summary.canDo.item4,Download content for personal/classroom use,ê°œì¸/êµì‹¤ ì‚¬ìš©ì„ ìœ„í•œ ì½˜í…ì¸  ë‹¤ìš´ë¡œë“œ,TODO,MEDIUM,/app/terms/page.tsx,46
Terms,Summary,terms.summary.cannotDo.title,You Cannot:,í•  ìˆ˜ ì—†ëŠ” ê²ƒ:,TODO,MEDIUM,/app/terms/page.tsx,52
Terms,Summary,terms.summary.cannotDo.item1,Use the platform for commercial purposes,ìƒì—…ì  ëª©ì ìœ¼ë¡œ í”Œë«í¼ ì‚¬ìš©,TODO,MEDIUM,/app/terms/page.tsx,55
Terms,Summary,terms.summary.cannotDo.item2,Share inappropriate or harmful content,ë¶€ì ì ˆí•˜ê±°ë‚˜ ìœ í•´í•œ ì½˜í…ì¸  ê³µìœ ,TODO,MEDIUM,/app/terms/page.tsx,56
Terms,Summary,terms.summary.cannotDo.item3,Violate others' privacy or rights,íƒ€ì¸ì˜ ê°œì¸ì •ë³´ë‚˜ ê¶Œë¦¬ ì¹¨í•´,TODO,MEDIUM,/app/terms/page.tsx,57
Terms,Summary,terms.summary.cannotDo.item4,Attempt to hack or disrupt the platform,í”Œë«í¼ í•´í‚¹ ë˜ëŠ” ë°©í•´ ì‹œë„,TODO,MEDIUM,/app/terms/page.tsx,58
Terms,Content,terms.section1.title,1. Acceptance of Terms,1. ì•½ê´€ ë™ì˜,TODO,HIGH,/app/terms/page.tsx,67
Terms,Content,terms.section1.minorsWarning,"For Minors: If you are under 18, your parent or guardian must agree to these terms on your behalf before you can use the platform.",ë¯¸ì„±ë…„ì: 18ì„¸ ë¯¸ë§Œì¸ ê²½ìš° ë¶€ëª¨ë‚˜ ë³´í˜¸ìê°€ ì•½ê´€ì— ë™ì˜í•´ì•¼ í•©ë‹ˆë‹¤.,TODO,HIGH,/app/terms/page.tsx,75
Terms,Content,terms.section2.title,2. Platform Purpose,2. í”Œë«í¼ ëª©ì ,TODO,HIGH,/app/terms/page.tsx,82
Terms,Content,terms.section3.title,3. User Accounts and Roles,3. ì‚¬ìš©ì ê³„ì • ë° ì—­í• ,TODO,HIGH,/app/terms/page.tsx,99
Terms,Content,terms.section4.title,4. Content Guidelines,4. ì½˜í…ì¸  ê°€ì´ë“œë¼ì¸,TODO,HIGH,/app/terms/page.tsx,130
Terms,Content,terms.section5.title,5. Intellectual Property,5. ì§€ì  ì¬ì‚°ê¶Œ,TODO,HIGH,/app/terms/page.tsx,154
Terms,Content,terms.section6.title,6. Educational Use,6. êµìœ¡ì  ì‚¬ìš©,TODO,HIGH,/app/terms/page.tsx,176
Terms,Content,terms.section7.title,7. Privacy and Data Protection,7. ê°œì¸ì •ë³´ ë° ë°ì´í„° ë³´í˜¸,TODO,HIGH,/app/terms/page.tsx,193
Terms,Content,terms.section8.title,8. Platform Availability,8. í”Œë«í¼ ê°€ìš©ì„±,TODO,HIGH,/app/terms/page.tsx,208
Terms,Content,terms.section9.title,9. Limitation of Liability,9. ì±…ì„ ì œí•œ,TODO,HIGH,/app/terms/page.tsx,224
Terms,Content,terms.section10.title,10. Termination,10. ê³„ì•½ ì¢…ë£Œ,TODO,HIGH,/app/terms/page.tsx,241
Terms,Content,terms.section11.title,11. Changes to Terms,11. ì•½ê´€ ë³€ê²½,TODO,HIGH,/app/terms/page.tsx,256
Terms,Content,terms.section12.title,12. Contact Information,12. ì—°ë½ì²˜ ì •ë³´,TODO,HIGH,/app/terms/page.tsx,272
Terms,Footer,terms.footer.contactLegalTeam,Contact Legal Team,ë²•ë¬´íŒ€ì— ë¬¸ì˜í•˜ê¸°,TODO,MEDIUM,/app/terms/page.tsx,308
Terms,Footer,terms.footer.viewPrivacyPolicy,View Privacy Policy,ê°œì¸ì •ë³´ ì²˜ë¦¬ë°©ì¹¨ ë³´ê¸°,TODO,MEDIUM,/app/terms/page.tsx,314
Help,Header,help.title,Help Center,ë„ì›€ë§ ì„¼í„°,TODO,HIGH,/app/help/page.tsx,20
Help,Header,help.description,"Find answers to common questions, explore our guides, and get the support you need to make the most of 1001 Stories.",ìì£¼ ë¬»ëŠ” ì§ˆë¬¸ì— ëŒ€í•œ ë‹µì„ ì°¾ê³  ê°€ì´ë“œë¥¼ íƒìƒ‰í•˜ì„¸ìš”.,TODO,HIGH,/app/help/page.tsx,22
Help,Header,help.search.placeholder,Search for help...,ë„ì›€ë§ ê²€ìƒ‰...,TODO,MEDIUM,/app/help/page.tsx,34
Help,Quick Start,help.quickStart.title,Get Started Quickly,ë¹ ë¥´ê²Œ ì‹œì‘í•˜ê¸°,TODO,HIGH,/app/help/page.tsx,44
Help,Quick Start,help.quickStart.newUser.title,New User Guide,ì‹ ê·œ ì‚¬ìš©ì ê°€ì´ë“œ,TODO,MEDIUM,/app/help/page.tsx,51
Help,Quick Start,help.quickStart.newUser.description,"Learn how to create your account, choose your role, and start exploring stories.","ê³„ì •ì„ ë§Œë“¤ê³ , ì—­í• ì„ ì„ íƒí•˜ê³ , ì´ì•¼ê¸°ë¥¼ íƒìƒ‰í•˜ëŠ” ë°©ë²•ì„ ë°°ìš°ì„¸ìš”.",TODO,MEDIUM,/app/help/page.tsx,53
Help,Quick Start,help.quickStart.educators.title,For Educators,êµìœ¡ìë¥¼ ìœ„í•œ,TODO,MEDIUM,/app/help/page.tsx,63
Help,Quick Start,help.quickStart.educators.description,"Discover how to create classes, assign stories, and track student progress.","ìˆ˜ì—…ì„ ë§Œë“¤ê³ , ì´ì•¼ê¸°ë¥¼ í• ë‹¹í•˜ê³ , í•™ìƒ ì§„í–‰ ìƒí™©ì„ ì¶”ì í•˜ëŠ” ë°©ë²•ì„ ì•Œì•„ë³´ì„¸ìš”.",TODO,MEDIUM,/app/help/page.tsx,65
Help,Quick Start,help.quickStart.technical.title,Technical Help,ê¸°ìˆ  ì§€ì›,TODO,MEDIUM,/app/help/page.tsx,75
Help,Quick Start,help.quickStart.technical.description,Troubleshoot common issues and learn about platform features.,ì¼ë°˜ì ì¸ ë¬¸ì œë¥¼ í•´ê²°í•˜ê³  í”Œë«í¼ ê¸°ëŠ¥ì— ëŒ€í•´ ë°°ìš°ì„¸ìš”.,TODO,MEDIUM,/app/help/page.tsx,77
Help,FAQ,help.faq.gettingStarted.title,Getting Started,ì‹œì‘í•˜ê¸°,TODO,HIGH,/app/help/page.tsx,88
Help,FAQ,help.faq.createAccount.question,How do I create an account?,ê³„ì •ì„ ì–´ë–»ê²Œ ë§Œë“œë‚˜ìš”?,TODO,MEDIUM,/app/help/page.tsx,91
Help,FAQ,help.faq.createAccount.answer,"Click the ""Sign Up"" button and choose your role (Student, Teacher, Writer, etc.). Fill out the required information and verify your email address.",ê°€ì… ë²„íŠ¼ì„ í´ë¦­í•˜ê³  ì—­í• ì„ ì„ íƒí•˜ì„¸ìš”.,TODO,MEDIUM,/app/help/page.tsx,93
Help,FAQ,help.faq.createAccount.tip,"Choose your role carefully as it determines what features you'll have access to.",ê¸°ëŠ¥ì— ì ‘ê·¼í•  ìˆ˜ ìˆëŠ” ì—­í• ì„ ì‹ ì¤‘í•˜ê²Œ ì„ íƒí•˜ì„¸ìš”.,TODO,MEDIUM,/app/help/page.tsx,98
Help,FAQ,help.faq.userRoles.question,What are the different user roles?,ë‹¤ì–‘í•œ ì‚¬ìš©ì ì—­í• ì€ ë¬´ì—‡ì¸ê°€ìš”?,TODO,MEDIUM,/app/help/page.tsx,104
Help,FAQ,help.faq.isFree.question,Is 1001 Stories free to use?,1001 ìŠ¤í† ë¦¬ëŠ” ë¬´ë£Œë¡œ ì‚¬ìš©í•  ìˆ˜ ìˆë‚˜ìš”?,TODO,MEDIUM,/app/help/page.tsx,126
Help,FAQ,help.faq.isFree.answer,"Yes! 1001 Stories is a non-profit platform and free for educational use.",ë„¤! 1001 ìŠ¤í† ë¦¬ëŠ” ë¹„ì˜ë¦¬ í”Œë«í¼ì´ë©° êµìœ¡ ëª©ì ìœ¼ë¡œ ë¬´ë£Œì…ë‹ˆë‹¤.,TODO,MEDIUM,/app/help/page.tsx,128
Help,FAQ,help.faq.teachers.title,For Educators,êµìœ¡ìë¥¼ ìœ„í•œ,TODO,HIGH,/app/help/page.tsx,138
Help,FAQ,help.faq.support.title,Still Need Help?,ì—¬ì „íˆ ë„ì›€ì´ í•„ìš”í•˜ì‹ ê°€ìš”?,TODO,HIGH,/app/help/page.tsx,260
Help,FAQ,help.faq.support.description,"Our support team is here to help. Reach out and we'll get back to you as soon as possible.",ì§€ì›íŒ€ì´ ë„ì™€ë“œë¦¬ê² ìŠµë‹ˆë‹¤. ì—°ë½ ì£¼ì‹œë©´ ìµœëŒ€í•œ ë¹¨ë¦¬ ë‹µë³€ë“œë¦¬ê² ìŠµë‹ˆë‹¤.,TODO,HIGH,/app/help/page.tsx,262
Help,Contact,help.contact.email.title,Email Support,ì´ë©”ì¼ ì§€ì›,TODO,MEDIUM,/app/help/page.tsx,271
Help,Contact,help.contact.email.description,Get detailed help via email,ì´ë©”ì¼ë¡œ ìì„¸í•œ ë„ì›€ ë°›ê¸°,TODO,MEDIUM,/app/help/page.tsx,272
Help,Contact,help.contact.email.button,Send Email,ì´ë©”ì¼ ë³´ë‚´ê¸°,TODO,MEDIUM,/app/help/page.tsx,277
Help,Contact,help.contact.liveChat.title,Live Chat,ì‹¤ì‹œê°„ ì±„íŒ…,TODO,MEDIUM,/app/help/page.tsx,285
Help,Contact,help.contact.liveChat.description,Chat with our support team,ì§€ì›íŒ€ê³¼ ì±„íŒ…í•˜ê¸°,TODO,MEDIUM,/app/help/page.tsx,286
Help,Contact,help.contact.liveChat.button,Start Chat,ì±„íŒ… ì‹œì‘,TODO,MEDIUM,/app/help/page.tsx,288Profile,Monthly Stats,profile.monthly.title,Monthly Statistics,ì›”ê°„ í†µê³„,DONE,HIGH,/components/profile/ProfileMonthlyStats.tsx,90
Profile,Current Projects,profile.currentProjects.title,Current Projects,í˜„ì¬ í”„ë¡œì íŠ¸,DONE,HIGH,/components/profile/ProfileCurrentProjects.tsx,97
Profile,Current Projects,profile.currentProjects.startNew,Start New,ìƒˆë¡œ ì‹œì‘,DONE,MEDIUM,/components/profile/ProfileCurrentProjects.tsx,112
Profile,Current Projects,profile.currentProjects.noProjects,No projects yet,ì•„ì§ í”„ë¡œì íŠ¸ê°€ ì—†ìŠµë‹ˆë‹¤,DONE,MEDIUM,/components/profile/ProfileCurrentProjects.tsx,122
Profile,Current Projects,profile.currentProjects.createFirst,Create your first project,ì²« ë²ˆì§¸ í”„ë¡œì íŠ¸ ë§Œë“¤ê¸°,DONE,MEDIUM,/components/profile/ProfileCurrentProjects.tsx,128
Profile,Current Projects,profile.currentProjects.lastEdited,Last edited {date},ë§ˆì§€ë§‰ ìˆ˜ì • {date},DONE,MEDIUM,/components/profile/ProfileCurrentProjects.tsx,188
Profile,Tabs,profile.tabs.overview,Overview,ê°œìš”,DONE,HIGH,/components/profile/ProfileTabs.tsx,23
Profile,Tabs,profile.tabs.stories,Stories,ìŠ¤í† ë¦¬,DONE,HIGH,/components/profile/ProfileTabs.tsx,40
Profile,Achievements,profile.achievements.title,Achievements,ì—…ì ,DONE,HIGH,/components/profile/ProfileAchievements.tsx,35
Profile,Achievements,profile.achievements.unlocked,Unlocked,ì ê¸ˆ í•´ì œë¨,DONE,MEDIUM,/components/profile/AchievementIcon.tsx,182
Profile,Achievements,profile.achievements.locked,Locked,ì ê¸ˆ ìƒíƒœ,DONE,MEDIUM,/components/profile/AchievementIcon.tsx,195
Profile,Achievements,profile.achievements.points,{count} points,{count} í¬ì¸íŠ¸,DONE,MEDIUM,/components/profile/AchievementIcon.tsx,248
Profile,Stories,profile.stories.title,Your Stories,ë‹¹ì‹ ì˜ ìŠ¤í† ë¦¬,DONE,HIGH,/components/profile/ProfileStories.tsx,83
Profile,Stories,profile.stories.noStories,No stories yet,ì•„ì§ ìŠ¤í† ë¦¬ê°€ ì—†ìŠµë‹ˆë‹¤,DONE,MEDIUM,/components/profile/ProfileStories.tsx,55
Profile,Stories,profile.stories.writeFirst,Write Your First Story,ì²« ë²ˆì§¸ ìŠ¤í† ë¦¬ ì‘ì„±í•˜ê¸°,DONE,MEDIUM,/components/profile/ProfileStories.tsx,63
Profile,Stories,profile.stories.newStory,+ New Story,+ ìƒˆ ìŠ¤í† ë¦¬,DONE,MEDIUM,/components/profile/ProfileStories.tsx,91
Common,General,common.words,words,ë‹¨ì–´,DONE,LOW,/components/profile/ProfileStories.tsx,119
Writer Dashboard,AI Feedback,dashboard.writer.submitText.aiFeedback.title,AI Feedback,AI í”¼ë“œë°±,DONE,HIGH,/components/story-publication/writer/AIReviewCard.tsx,230
Writer Dashboard,AI Feedback,dashboard.writer.submitText.aiFeedback.grammar,Grammar,ë¬¸ë²•,DONE,HIGH,/components/story-publication/writer/AIReviewCard.tsx,27
Writer Dashboard,AI Feedback,dashboard.writer.submitText.aiFeedback.structure,Structure,êµ¬ì¡°,DONE,HIGH,/components/story-publication/writer/AIReviewCard.tsx,28
Writer Dashboard,AI Feedback,dashboard.writer.submitText.aiFeedback.writingHelp,Writing Help,ì‘ë¬¸ ë„ì›€ë§,DONE,HIGH,/components/story-publication/writer/AIReviewCard.tsx,29
Writer Dashboard,AI Feedback,dashboard.writer.submitText.aiFeedback.autoGenerated,Auto-generated,ìë™ ìƒì„±ë¨,DONE,HIGH,/components/story-publication/writer/AIReviewCard.tsx,243
Writer Dashboard,AI Feedback,dashboard.writer.submitText.aiFeedback.regenerating,Regenerating...,ì¬ìƒì„± ì¤‘...,DONE,HIGH,/components/story-publication/writer/AIReviewCard.tsx,259
Writer Dashboard,AI Feedback,dashboard.writer.submitText.aiFeedback.regenerate,Regenerate,ì¬ìƒì„±,DONE,HIGH,/components/story-publication/writer/AIReviewCard.tsx,259
Writer Dashboard,AI Feedback,dashboard.writer.submitText.aiFeedback.analyzing,Analyzing your story...,ìŠ¤í† ë¦¬ ë¶„ì„ ì¤‘...,DONE,HIGH,/components/story-publication/writer/AIReviewCard.tsx,284
Writer Dashboard,AI Feedback,dashboard.writer.submitText.aiFeedback.analysisTime,This may take 30-60 seconds,30-60ì´ˆ ì†Œìš”ë  ìˆ˜ ìˆìŠµë‹ˆë‹¤,DONE,HIGH,/components/story-publication/writer/AIReviewCard.tsx,290
Writer Dashboard,AI Feedback,dashboard.writer.submitText.aiFeedback.willAppear,AI feedback will appear here once analysis is complete,ë¶„ì„ì´ ì™„ë£Œë˜ë©´ AI í”¼ë“œë°±ì´ ì—¬ê¸°ì— í‘œì‹œë©ë‹ˆë‹¤,DONE,HIGH,/components/story-publication/writer/AIReviewCard.tsx,305
Writer Dashboard,AI Feedback,dashboard.writer.submitText.aiFeedback.summary,Summary,ìš”ì•½,DONE,HIGH,/components/story-publication/writer/AIReviewCard.tsx,356
Writer Dashboard,AI Feedback,dashboard.writer.submitText.aiFeedback.strengths,Strengths,ê°•ì ,DONE,HIGH,/components/story-publication/writer/AIReviewCard.tsx,378
Writer Dashboard,AI Feedback,dashboard.writer.submitText.aiFeedback.suggestions,Suggestions for Improvement,ê°œì„  ì œì•ˆ,DONE,HIGH,/components/story-publication/writer/AIReviewCard.tsx,408
Writer Dashboard,Submit Text,dashboard.writer.submitText.titlePlaceholder,Enter your story title here...,ì—¬ê¸°ì— ì´ì•¼ê¸° ì œëª©ì„ ì…ë ¥í•˜ì„¸ìš”...,DONE,HIGH,/components/story-publication/writer/TextSubmissionForm.tsx,259
Landing,Footer,footer.tagline,Empowering young voices, inspiring the world through stories.,ì Šì€ ëª©ì†Œë¦¬ì— í˜ì„ ì‹¤ì–´ì£¼ê³ , ì´ì•¼ê¸°ë¡œ ì„¸ìƒì— ì˜ê°ì„ ì¤ë‹ˆë‹¤.,DONE,HIGH,/app/page.tsx,75
Landing,Footer,footer.contactForm,Contact Form,ë¬¸ì˜ ì–‘ì‹,DONE,HIGH,/app/page.tsx,133
Landing,Statistics,outcomeStats.storiesPublished,Stories Published,ì¶œíŒëœ ì´ì•¼ê¸°,DONE,HIGH,/components/landing/OutcomeStatistics.tsx,13
Landing,Statistics,outcomeStats.childrenReached,Children Reached,ë„ë‹¬í•œ ì–´ë¦°ì´,DONE,HIGH,/components/landing/OutcomeStatistics.tsx,18
Landing,Statistics,outcomeStats.countries,Countries,êµ­ê°€,DONE,HIGH,/components/landing/OutcomeStatistics.tsx,23
Landing,Statistics,outcomeStats.volunteers,Volunteers,ìì›ë´‰ì‚¬ì,DONE,HIGH,/components/landing/OutcomeStatistics.tsx,28
Landing,Badge,circularBadge.text,REGISTER FIRST! â€¢ REGISTER FIRST! â€¢ ,ë¨¼ì € ë“±ë¡í•˜ì„¸ìš”! â€¢ ë¨¼ì € ë“±ë¡í•˜ì„¸ìš”! â€¢ ,DONE,MEDIUM,/components/landing/CircularBadge.tsx,34
Landing,Common,common.resetLanguage,Reset to English,ì˜ì–´ë¡œ ì¬ì„¤ì •,DONE,LOW,/components/i18n/LanguageSelector.tsx,91
Landing,Common,common.resetLanguage,Reset to English,ì˜ì–´ë¡œ ì¬ì„¤ì •,DONE,LOW,/components/i18n/LanguageSelector.tsx,150
